Accelerometer,Accelerometer2,Accelerometer2_CF,Accelerometer2_MAX,Accelerometer2_MIN,Accelerometer2_PKPK,Accelerometer2_TruePk,Accelerometer2_derived_Peak,Accelerometer_CF,Accelerometer_MAX,Accelerometer_MIN,Accelerometer_PKPK,Accelerometer_TruePk,Accelerometer_derived_Peak,FOV,FOV_CF,FOV_MAX,FOV_MIN,FOV_PKPK,FOV_TruePk,FOV_derived_Peak,MIV,MIV_CF,MIV_MAX,MIV_MIN,MIV_PKPK,MIV_TruePk,MIV_derived_Peak,Ultrasound,Ultrasound_CF,Ultrasound_MAX,Ultrasound_MIN,Ultrasound_PKPK,Ultrasound_TruePk,Ultrasound_derived_Peak,datetime
1.1405386924743652,0.2715429365634918,3.9065314275886798,1.060791015625,-0.9836578369140625,2.0444488525390625,1.060791015625,0.38401970365470717,3.9977206242947503,4.3311309814453125,-4.5595550537109375,8.89068603515625,4.5595550537109375,1.612965287308524,0.06402639299631119,3.7988255510545965,0.1529693603515625,-0.24322509765625,0.3961944580078125,0.24322509765625,0.09054699332521303,0.6302996277809143,4.23133273246369,2.6670074462890625,-2.62420654296875,5.2912139892578125,2.6670074462890625,0.8913782819664827,0.010495543479919434,3.5255500153334167,0.0042724609375,-0.0370025634765625,0.0412750244140625,0.0370025634765625,0.014842939933778575,2021-01-01 16:59:57
1.3984684944152832,0.27902233600616455,4.313407322624155,1.11328125,-1.2035369873046875,2.3168182373046875,1.2035369873046875,0.3945971717849407,3.2012536820602557,4.2945098876953125,-4.4768524169921875,8.7713623046875,4.4768524169921875,1.9777331113535765,0.06430333107709885,4.580958994151887,0.1531982421875,-0.2945709228515625,0.4477691650390625,0.2945709228515625,0.09093864291500052,0.6185442209243774,4.093922880861869,2.5322723388671875,-2.4462127685546875,4.978485107421875,2.5322723388671875,0.8747536261587546,0.011005480773746967,2.5580405253597664,0.00396728515625,-0.0281524658203125,0.0321197509765625,0.0281524658203125,0.015564100170669306,2021-01-02 16:59:56
1.3558623790740967,0.26427942514419556,3.9345105283800414,1.01837158203125,-1.0398101806640625,2.0581817626953125,1.0398101806640625,0.3737475472950865,3.3798384673263935,4.5825958251953125,-4.3320465087890625,8.914642333984375,4.5825958251953125,1.9174789651980382,0.06387884169816971,3.5950053145250584,0.1709747314453125,-0.229644775390625,0.4006195068359375,0.229644775390625,0.0903383242782356,0.6430240869522095,3.8916759994341943,2.50244140625,-2.42218017578125,4.92462158203125,2.50244140625,0.9093733847003911,0.011054348200559616,2.5812408863175214,0.0057220458984375,-0.028533935546875,0.0342559814453125,0.028533935546875,0.015633209148426027,2021-01-03 16:59:54
1.3210691213607788,0.29121458530426025,4.30022698571566,1.252288818359375,-1.1328887939453125,2.3851776123046875,1.252288818359375,0.4118396160981415,3.4428656882992685,4.186248779296875,-4.5482635498046875,8.734512329101562,4.5482635498046875,1.8682738682607218,0.06347564607858658,4.036115962367527,0.1610565185546875,-0.256195068359375,0.4172515869140625,0.256195068359375,0.08976811956473171,0.6398909687995911,4.297034843640158,2.7496337890625,-2.3288726806640625,5.0785064697265625,2.7496337890625,0.9049424865164407,0.00843072310090065,2.108536722776893,0.00091552734375,-0.0177764892578125,0.0186920166015625,0.0177764892578125,0.011922842949905855,2021-01-04 16:59:57
1.317186951637268,0.2774913012981415,4.3405054825641285,1.150054931640625,-1.2044525146484375,2.3545074462890625,1.2044525146484375,0.39243196173639056,3.508212462888139,4.1202545166015625,-4.6209716796875,8.741226196289062,4.6209716796875,1.8627836511862987,0.0636122077703476,3.5273181206682778,0.152130126953125,-0.2243804931640625,0.3765106201171875,0.2243804931640625,0.08996124696132075,0.6182340383529663,3.9672641778839415,2.45269775390625,-2.4456024169921875,4.8983001708984375,2.45269775390625,0.8743149617594532,0.009937160648405552,2.833049280010347,0.0049591064453125,-0.0281524658203125,0.033111572265625,0.0281524658203125,0.01405326736045535,2021-01-05 16:59:56
1.381381630897522,0.27973228693008423,4.24000277853006,1.186065673828125,-1.13922119140625,2.325286865234375,1.186065673828125,0.39560119401016725,3.0984678891347492,4.027862548828125,-4.2801666259765625,8.308029174804688,4.2801666259765625,1.9535686372283405,0.06343930214643478,4.245280415151293,0.1586151123046875,-0.269317626953125,0.4279327392578125,0.269317626953125,0.08971672148297268,0.6318721771240234,3.810397756600852,2.274169921875,-2.407684326171875,4.681854248046875,2.407684326171875,0.8936022025750086,0.00857376679778099,2.4648935934474125,0.0003814697265625,-0.0211334228515625,0.021514892578125,0.0211334228515625,0.01212513728604602,2021-01-06 16:59:54
0.8136598467826843,0.28198176622390747,4.315486224623848,1.216888427734375,-1.097564697265625,2.314453125,1.216888427734375,0.3987824381357695,4.213955266253689,3.4287261962890625,-3.2592010498046875,6.68792724609375,3.4287261962890625,1.1506887904784868,0.06325403600931168,3.7004725545780572,0.156707763671875,-0.23406982421875,0.390777587890625,0.23406982421875,0.0894547155992047,0.7511388659477234,4.1188066769301015,3.0937957763671875,-2.8079986572265625,5.90179443359375,3.0937957763671875,1.0622707714488167,0.007431636564433575,3.1208952663265435,0.001068115234375,-0.023193359375,0.024261474609375,0.023193359375,0.010509921220049756,2021-01-07 16:59:58
0.8878611326217651,0.2572733461856842,4.2667353669975,1.09771728515625,-0.9592437744140625,2.0569610595703125,1.09771728515625,0.363839455412903,4.446192285388711,3.628997802734375,-3.947601318359375,7.57659912109375,3.947601318359375,1.2556252552576375,0.06352909654378891,3.6328107454075895,0.1941680908203125,-0.2307891845703125,0.424957275390625,0.2307891845703125,0.089843709937536,0.743151843547821,3.616805524598575,2.682342529296875,-2.687835693359375,5.37017822265625,2.687835693359375,1.050975416047897,0.007070028223097324,2.007159431381757,0.000457763671875,-0.014190673828125,0.0146484375,0.014190673828125,0.00999852979946479,2021-01-08 16:59:59
0.9314911365509033,0.2620147168636322,4.1178945500642365,0.9456634521484375,-1.078948974609375,2.0246124267578125,1.078948974609375,0.3705447661298952,4.5516344305811405,3.805389404296875,-4.23980712890625,8.045196533203125,4.23980712890625,1.3173273985406162,0.06353568285703659,3.59160679744571,0.1611328125,-0.2281951904296875,0.3893280029296875,0.2281951904296875,0.08985302439105691,0.7381623983383179,3.984809811769893,2.941436767578125,-2.91290283203125,5.854339599609375,2.941436767578125,1.0439192749639001,0.007389648351818323,1.961642681658607,-0.00030517578125,-0.014495849609375,0.014190673828125,0.014495849609375,0.010450540920309462,2021-01-09 16:59:57
0.9474815726280212,0.2525823414325714,4.120644365120727,1.040802001953125,-1.02142333984375,2.062225341796875,1.040802001953125,0.35720537286989423,4.2806768426198545,4.0558624267578125,-3.8030242919921875,7.85888671875,4.0558624267578125,1.3399412901091363,0.06342244893312454,4.316179529268831,0.2046966552734375,-0.27374267578125,0.4784393310546875,0.27374267578125,0.08969288744013977,0.7894355654716492,3.988677288761678,2.8060150146484375,-3.1488037109375,5.9548187255859375,3.1488037109375,1.1164304833096799,0.008238631300628185,2.7225905740149714,0.00244140625,-0.022430419921875,0.024871826171875,0.022430419921875,0.011651184120739871,2021-01-10 16:59:56
0.9287684559822083,0.24906660616397858,4.269174146614659,0.9842681884765625,-1.0633087158203125,2.047576904296875,1.0633087158203125,0.35223337237133684,4.254879092736181,3.9517974853515625,-3.9247894287109375,7.8765869140625,3.9517974853515625,1.3134769467543579,0.0630275309085846,3.6944033462373036,0.171661376953125,-0.23284912109375,0.404510498046875,0.23284912109375,0.08913438901380978,0.7506092190742493,3.866386545746797,2.9003143310546875,-2.9021453857421875,5.802459716796875,2.9021453857421875,1.0615217376570811,0.007653004489839077,2.532163954052833,0.0020599365234375,-0.019378662109375,0.0214385986328125,0.019378662109375,0.010822982742432612,2021-01-11 16:59:54
0.9655370712280273,0.2507416009902954,4.030098323026872,1.0022735595703125,-1.0105133056640625,2.012786865234375,1.0105133056640625,0.3546021727716189,4.348548406373125,3.93218994140625,-4.1986846923828125,8.130874633789062,4.1986846923828125,1.3654756211046735,0.06371774524450302,3.848358715353779,0.15411376953125,-0.245208740234375,0.399322509765625,0.245208740234375,0.09011049948860995,0.7851771116256714,3.9441388297320765,3.0968475341796875,-2.852935791015625,5.9497833251953125,3.0968475341796875,1.1104081201259581,0.008115245960652828,1.795650264371685,-0.0025177001953125,-0.0145721435546875,0.012054443359375,0.0145721435546875,0.011476690899548708,2021-01-12 16:59:58
0.9667478799819946,0.2476041615009308,4.384054966306248,1.08551025390625,-0.997467041015625,2.082977294921875,1.08551025390625,0.3501651632946345,4.454218785008365,4.3061065673828125,-3.8991546630859375,8.20526123046875,4.3061065673828125,1.367187963265974,0.06348951905965805,3.577394797744366,0.1636505126953125,-0.2271270751953125,0.390777587890625,0.2271270751953125,0.08978773892271354,0.7916068434715271,3.8231456026631814,3.0213165283203125,-3.02642822265625,6.0477447509765625,3.02642822265625,1.1195011341047894,0.007998723536729813,1.7836555680320947,-0.0018310546875,-0.0142669677734375,0.0124359130859375,0.0142669677734375,0.011311903307316191,2021-01-13 16:59:56
0.9396334886550903,0.24203065037727356,4.185233193957396,1.0129547119140625,-0.93994140625,1.9528961181640625,1.0129547119140625,0.34228302827352114,4.343549536887909,4.0813446044921875,-3.910064697265625,7.9914093017578125,4.0813446044921875,1.3288424233159746,0.06326805055141449,4.067447555222786,0.166473388671875,-0.2573394775390625,0.4238128662109375,0.2573394775390625,0.08947453515471696,0.7608813643455505,3.884278143752001,2.95318603515625,-2.955474853515625,5.908660888671875,2.955474853515625,1.076048744814422,0.007360170595347881,1.8036465748179502,-0.00152587890625,-0.013275146484375,0.011749267578125,0.013275146484375,0.010408853077320632,2021-01-14 16:59:58
0.9675236344337463,0.23750753700733185,4.062885045549993,0.9649658203125,-0.910797119140625,1.875762939453125,0.9649658203125,0.3358863800015985,4.4349553019208,4.067535400390625,-4.290924072265625,8.35845947265625,4.290924072265625,1.3682850457327127,0.06348572671413422,3.680958958608881,0.1725006103515625,-0.2336883544921875,0.40618896484375,0.2336883544921875,0.08978237573624052,0.7896446585655212,4.129649678718488,3.260955810546875,-3.2111358642578125,6.4720916748046875,3.260955810546875,1.1167261855988322,0.0081375353038311,1.6782251260413028,-0.0023651123046875,-0.0136566162109375,0.01129150390625,0.0136566162109375,0.011508212790967807,2021-01-15 16:59:57
0.9737167954444885,0.23920759558677673,4.178810748180241,0.999603271484375,-0.991668701171875,1.99127197265625,0.999603271484375,0.3382906259014782,4.217837660120063,4.0380859375,-4.1069793701171875,8.145065307617188,4.1069793701171875,1.3770434980280646,0.06347554177045822,4.0673730973598,0.1605224609375,-0.2581787109375,0.418701171875,0.2581787109375,0.08976797205076192,0.7988674640655518,3.737590999831975,2.98583984375,-2.96142578125,5.947265625,2.98583984375,1.1297692022201045,0.008190560154616833,1.7791388231821377,-0.0016021728515625,-0.0145721435546875,0.012969970703125,0.0145721435546875,0.0115832012540918,2021-01-16 16:59:55
1.0040454864501953,0.23687458038330078,4.6850604514838095,1.109771728515625,-0.908966064453125,2.01873779296875,1.109771728515625,0.3349912441594999,4.157527701844003,3.956756591796875,-4.174346923828125,8.131103515625,4.174346923828125,1.419934744177358,0.06287769973278046,4.54285911322998,0.1432037353515625,-0.28564453125,0.4288482666015625,0.28564453125,0.08892249573292126,0.8171842694282532,3.961255651591162,3.0989837646484375,-3.2370758056640625,6.3360595703125,3.2370758056640625,1.1556730767833852,0.007380051538348198,1.8091256355475016,-0.001220703125,-0.0133514404296875,0.0121307373046875,0.0133514404296875,0.010436968976544446,2021-01-31 16:59:59
0.9767045378684998,0.24296355247497559,4.013412320926184,0.966949462890625,-0.9751129150390625,1.9420623779296875,0.9751129150390625,0.3436023510724577,4.831562889748152,3.9563751220703125,-4.7190093994140625,8.675384521484375,4.7190093994140625,1.3812688038849787,0.0635288879275322,3.7120842604697266,0.1605987548828125,-0.2358245849609375,0.39642333984375,0.2358245849609375,0.08984341490959642,0.8099887371063232,4.403634727061386,3.56689453125,-3.129425048828125,6.696319580078125,3.56689453125,1.145497057385218,0.007332693785429001,1.706358863111583,-0.0019073486328125,-0.01251220703125,0.0106048583984375,0.01251220703125,0.010369995000082604,2021-02-01 16:59:57
0.9726940393447876,0.25419506430625916,4.2430702099838316,1.0785675048828125,-0.9358978271484375,2.01446533203125,1.0785675048828125,0.35948610743021275,4.781126996112163,3.859710693359375,-4.65057373046875,8.510284423828125,4.65057373046875,1.3755971024808675,0.06321268528699875,3.9660062400234413,0.1557159423828125,-0.250701904296875,0.4064178466796875,0.250701904296875,0.08939623684689584,0.7947742938995361,4.3833959547326025,3.4838104248046875,-3.0829620361328125,6.5667724609375,3.4838104248046875,1.1239805854582243,0.007304398342967033,1.7965283350660803,-0.001068115234375,-0.01312255859375,0.012054443359375,0.01312255859375,0.010329979201599542,2021-02-02 16:59:56
0.9608624577522278,0.2514294981956482,4.37773911542766,1.1006927490234375,-0.9407806396484375,2.041473388671875,1.1006927490234375,0.35557500632894734,4.0591648063654215,3.900299072265625,-3.8722991943359375,7.7725982666015625,3.900299072265625,1.3588647193283456,0.1898355484008789,4.059540734563467,0.7292938232421875,-0.7706451416015625,1.49993896484375,0.7706451416015625,0.2684680071690571,0.8146227598190308,4.1757265000290475,3.33831787109375,-3.401641845703125,6.739959716796875,3.401641845703125,1.1520505551538738,0.004606515634804964,2.351829689346901,0.00152587890625,-0.010833740234375,0.012359619140625,0.010833740234375,0.006514596886024888,2021-02-02 22:45:32
0.9477795362472534,0.24623776972293854,4.204198832332399,1.0352325439453125,-1.0214996337890625,2.056732177734375,1.0352325439453125,0.34823279351068276,4.388727271858265,3.922119140625,-4.1595458984375,8.0816650390625,4.1595458984375,1.3403626743005483,0.18580769002437592,3.9348472489689312,0.7311248779296875,-0.705413818359375,1.4365386962890625,0.7311248779296875,0.26277175522568846,0.7968592047691345,4.077707970758494,3.249359130859375,-3.1896209716796875,6.4389801025390625,3.249359130859375,1.1269290946863495,0.007650509476661682,1.974535319243422,-0.0012969970703125,-0.015106201171875,0.0138092041015625,0.015106201171875,0.01081945426095884,2021-02-03 16:59:57
1.016078233718872,0.2537670135498047,4.106518749013507,1.0221099853515625,-1.0420989990234375,2.064208984375,1.0420989990234375,0.3588807522450508,4.70035133528762,3.8997650146484375,-4.7759246826171875,8.675689697265625,4.7759246826171875,1.4369516185573283,0.20375122129917145,4.197171568125909,0.8339691162109375,-0.8551788330078125,1.68914794921875,0.8551788330078125,0.2881477405113701,0.8564306497573853,4.018740410461145,3.3235931396484375,-3.4417724609375,6.7653656005859375,3.4417724609375,1.2111758401188963,0.0075245993211865425,1.885904248505194,-0.001373291015625,-0.014190673828125,0.0128173828125,0.014190673828125,0.010641390411445394,2021-02-04 16:59:56
0.9891228079795837,0.2307390421628952,4.3751654462633445,1.009521484375,-0.890960693359375,1.900482177734375,1.009521484375,0.3263142827957438,4.284117479004023,4.237518310546875,-4.136505126953125,8.3740234375,4.237518310546875,1.398830889897286,0.18868465721607208,4.210458148853619,0.7944488525390625,-0.7479095458984375,1.5423583984375,0.7944488525390625,0.2668404012466876,0.8236931562423706,4.234224103458951,3.3270263671875,-3.487701416015625,6.814727783203125,3.487701416015625,1.1648780327918613,0.007866857573390007,1.7456665546738985,-0.0018310546875,-0.01373291015625,0.01190185546875,0.01373291015625,0.011125416673545645,2021-02-05 16:59:54
0.9717336893081665,0.24091076850891113,4.213872391887599,1.015167236328125,-0.90911865234375,1.924285888671875,1.015167236328125,0.3406992761470273,4.7820834784498985,4.179840087890625,-4.64691162109375,8.826751708984375,4.64691162109375,1.3742389624344526,0.20046021044254303,4.200234942435535,0.84197998046875,-0.7861328125,1.62811279296875,0.84197998046875,0.2834935483240091,0.8583680987358093,4.226365244645399,3.4062957763671875,-3.627777099609375,7.0340728759765625,3.627777099609375,1.2139158067405895,0.007684129755944014,1.8169646317317114,-0.001678466796875,-0.0139617919921875,0.0122833251953125,0.0139617919921875,0.010867000515890686,2021-02-06 16:59:58
0.9730240702629089,0.2259804606437683,4.488902686476462,1.014404296875,-0.9531402587890625,1.9675445556640625,1.014404296875,0.3195846322737366,4.32143934611708,3.87481689453125,-4.204864501953125,8.079681396484375,4.204864501953125,1.3760638366812772,0.18697649240493774,4.388473498897813,0.8205413818359375,-0.720977783203125,1.5415191650390625,0.8205413818359375,0.264424691404013,0.8204786777496338,3.9428396579585203,3.103179931640625,-3.235015869140625,6.33819580078125,3.235015869140625,1.1603320737114764,0.007733228150755167,1.716637117848211,-0.0020599365234375,-0.013275146484375,0.0112152099609375,0.013275146484375,0.010936436131723367,2021-02-07 16:59:57
1.0091098546981812,0.25208765268325806,4.105124004304229,1.03485107421875,-0.9047698974609375,1.9396209716796875,1.03485107421875,0.35650577733146194,4.2589917315089485,4.194793701171875,-4.29779052734375,8.492584228515625,4.29779052734375,1.427096842438511,0.19717223942279816,4.187858151504629,0.761260986328125,-0.8257293701171875,1.5869903564453125,0.8257293701171875,0.2788436551151962,0.8494224548339844,4.160308257474031,3.5338592529296875,-3.33038330078125,6.8642425537109375,3.5338592529296875,1.2012647558104685,0.007443920709192753,1.814101580049867,-0.001220703125,-0.0135040283203125,0.0122833251953125,0.0135040283203125,0.01052729362417034,2021-02-08 16:59:56
1.0373666286468506,0.25567543506622314,4.005145561673305,1.024017333984375,-0.9356689453125,1.959686279296875,1.024017333984375,0.3615796678362944,4.252343869763282,4.013824462890625,-4.4112396240234375,8.425064086914062,4.4112396240234375,1.4670579553856302,0.2094411700963974,3.9115728029429913,0.819244384765625,-0.7917022705078125,1.6109466552734375,0.819244384765625,0.29619454326961553,0.8342732191085815,4.251674420591819,3.5224151611328125,-3.54705810546875,7.0694732666015625,3.54705810546875,1.1798405011880169,0.007445625029504299,1.6804777277486689,-0.0012969970703125,-0.01251220703125,0.0112152099609375,0.01251220703125,0.010529703897069557,2021-02-09 16:59:54
1.0073840618133545,0.24976462125778198,4.136585086466421,1.033172607421875,-0.953521728515625,1.9866943359375,1.033172607421875,0.35322051478373473,4.208578139884386,4.239654541015625,-4.2337799072265625,8.473434448242188,4.239654541015625,1.4246562027349423,0.1977062076330185,4.166514230388234,0.802764892578125,-0.8237457275390625,1.6265106201171875,0.8237457275390625,0.2795988001999659,0.8135242462158203,4.313222561140014,3.5089111328125,-3.3538055419921875,6.8627166748046875,3.5089111328125,1.1504970223177622,0.008042064495384693,1.717121780046348,-0.00213623046875,-0.0138092041015625,0.0116729736328125,0.0138092041015625,0.011373196678852174,2021-02-10 16:59:57
0.9590750336647034,0.24349386990070343,3.9457652618199934,0.908966064453125,-0.9607696533203125,1.8697357177734375,0.9607696533203125,0.3443523331682848,4.628508467268082,4.4390869140625,-4.2142486572265625,8.653335571289062,4.4390869140625,1.3563369199420563,0.18680743873119354,4.213561510908005,0.7489776611328125,-0.7871246337890625,1.536102294921875,0.7871246337890625,0.2641856134058349,0.7756714820861816,4.5948210519327155,3.2898712158203125,-3.5640716552734375,6.85394287109375,3.5640716552734375,1.0969651299123173,0.008413280360400677,1.6685627170555202,-0.0023651123046875,-0.0140380859375,0.0116729736328125,0.0140380859375,0.01189817518972584,2021-02-11 16:59:56
1.0296070575714111,0.25671160221099854,4.049904966581579,1.0396575927734375,-1.0222625732421875,2.061920166015625,1.0396575927734375,0.3630450294653212,4.767153295658084,4.255828857421875,-4.908294677734375,9.16412353515625,4.908294677734375,1.4560842647325458,0.19633883237838745,4.33619842508498,0.780181884765625,-0.8513641357421875,1.6315460205078125,0.8513641357421875,0.2776650395700133,0.8186533451080322,4.0159350854083415,3.142547607421875,-3.28765869140625,6.430206298828125,3.28765869140625,1.157750663533881,0.007761494256556034,1.7693642103323066,-0.0017547607421875,-0.01373291015625,0.0119781494140625,0.01373291015625,0.010976410441902427,2021-02-12 16:59:59
1.0326967239379883,0.2542005777359009,4.035286244676745,1.0257720947265625,-0.9561920166015625,1.981964111328125,1.0257720947265625,0.3594939045971873,4.225694710586123,4.105377197265625,-4.363861083984375,8.46923828125,4.363861083984375,1.4604537128113673,0.19269338250160217,4.601549990511493,0.886688232421875,-0.8614349365234375,1.7481231689453125,0.886688232421875,0.2725095949133122,0.8354297876358032,4.516743713304033,3.7715911865234375,-3.7734222412109375,7.545013427734375,3.7734222412109375,1.1814761360850277,0.007559129036962986,1.826824761693788,-0.0011444091796875,-0.0138092041015625,0.012664794921875,0.0138092041015625,0.010690222803801329,2021-02-13 16:59:58
0.9677972793579102,0.2507501542568207,3.8650504131377827,0.9671783447265625,-0.9691619873046875,1.93634033203125,0.9691619873046875,0.3546142689171415,4.534134009453996,3.7247467041015625,-4.38812255859375,8.112869262695312,4.38812255859375,1.3686720380957396,0.1861630529165268,4.202737315070265,0.7823944091796875,-0.74951171875,1.5319061279296875,0.7823944091796875,0.2632743142473324,0.8063803315162659,4.447750309579914,3.586578369140625,-3.1468963623046875,6.7334747314453125,3.586578369140625,1.1403940012612157,0.007485889829695225,1.8854645478247898,-0.0016021728515625,-0.0141143798828125,0.01251220703125,0.0141143798828125,0.010586646923585807,2021-02-14 16:59:56
1.0074679851531982,0.2499723732471466,3.9860361880715303,0.99639892578125,-0.9227752685546875,1.9191741943359375,0.99639892578125,0.3535143204647042,4.685770892698291,4.72076416015625,-4.302978515625,9.02374267578125,4.72076416015625,1.424774888260349,0.1926828771829605,4.554286150456019,0.877532958984375,-0.7735443115234375,1.6510772705078125,0.877532958984375,0.27249473814921216,0.8356050252914429,4.728808343687046,3.875732421875,-3.951416015625,7.8271484375,3.951416015625,1.1817239595542717,0.007818636484444141,1.7857067558986406,-0.00152587890625,-0.0139617919921875,0.0124359130859375,0.0139617919921875,0.011057221755566003,2021-02-15 16:59:55
0.9878883361816406,0.25134676694869995,4.374626947432224,1.09954833984375,-0.9983062744140625,2.0978546142578125,1.09954833984375,0.35545800667748106,4.169224887920948,3.8356781005859375,-4.1187286376953125,7.95440673828125,4.1187286376953125,1.3970850831382677,0.19447942078113556,4.51299959322038,0.877685546875,-0.7366943359375,1.6143798828125,0.877685546875,0.27503543447114587,0.8129715919494629,3.8855902752320484,3.1441497802734375,-3.15887451171875,6.3030242919921875,3.15887451171875,1.1497154511589762,0.007718691602349281,1.8285974631395572,-0.001983642578125,-0.0141143798828125,0.0121307373046875,0.0141143798828125,0.010915878347817671,2021-02-16 16:59:58
0.9665944576263428,0.2331838607788086,4.456895599788966,1.039276123046875,-0.8889007568359375,1.9281768798828125,1.039276123046875,0.32977177843991073,4.285856290441176,3.8835906982421875,-4.1426849365234375,8.026275634765625,4.1426849365234375,1.36697099128984,0.1815948188304901,4.061424076335509,0.7375335693359375,-0.7279205322265625,1.4654541015625,0.7375335693359375,0.25681385564676423,0.8086808919906616,4.045646429009979,3.2257843017578125,-3.271636962890625,6.4974212646484375,3.271636962890625,1.1436474850851657,0.007894349284470081,1.758916098910245,-0.0023651123046875,-0.013885498046875,0.0115203857421875,0.013885498046875,0.011164295824207929,2021-02-18 16:59:58
1.002845048904419,0.25393572449684143,4.211049625328715,1.06689453125,-1.0693359375,2.13623046875,1.0693359375,0.35911934555447095,4.195065565730129,4.0903472900390625,-4.207000732421875,8.297348022460938,4.207000732421875,1.418237069119339,0.203552708029747,4.8609334964642885,0.9894561767578125,-0.7903289794921875,1.77978515625,0.9894561767578125,0.28786700035343904,0.8138944506645203,4.0878797716538475,3.1960296630859375,-3.3271026611328125,6.52313232421875,3.3271026611328125,1.1510205704699645,0.007570349611341953,1.7737271149119018,-0.001373291015625,-0.013427734375,0.012054443359375,0.013427734375,0.01070609109226568,2021-02-19 16:59:57
0.9349389672279358,0.23862412571907043,4.210769790094715,0.9862518310546875,-1.004791259765625,1.9910430908203125,1.004791259765625,0.33746547490133194,4.380782386576591,4.09576416015625,-3.8259124755859375,7.9216766357421875,4.09576416015625,1.3222033674448415,0.19107116758823395,4.409824583513647,0.84259033203125,-0.8048248291015625,1.6474151611328125,0.84259033203125,0.270215436581743,0.7943031787872314,4.063935424632806,3.0385589599609375,-3.227996826171875,6.2665557861328125,3.227996826171875,1.1233143280769642,0.00787687674164772,1.8015609858529449,-0.001678466796875,-0.014190673828125,0.01251220703125,0.014190673828125,0.0111395859171794,2021-02-20 16:59:55
1.0237205028533936,0.2600177824497223,4.712589439535739,1.2253570556640625,-0.97259521484375,2.1979522705078125,1.2253570556640625,0.3677206743985742,4.437063250574376,4.5423126220703125,-4.193572998046875,8.735885620117188,4.5423126220703125,1.447759419214674,0.20459283888339996,3.9893509049858946,0.8016204833984375,-0.816192626953125,1.6178131103515625,0.816192626953125,0.28933796751331775,0.8440420031547546,3.9961032930986695,3.3728790283203125,-3.3405303955078125,6.713409423828125,3.3728790283203125,1.1936556480740088,0.00752439396455884,1.8149788906937168,-0.00152587890625,-0.0136566162109375,0.0121307373046875,0.0136566162109375,0.010641099993317374,2021-02-21 16:59:59
0.9626143574714661,0.25212496519088745,4.488520563457531,1.1316680908203125,-0.9513092041015625,2.082977294921875,1.1316680908203125,0.35655854518579755,4.650881186358703,4.4770050048828125,-4.029998779296875,8.507003784179688,4.4770050048828125,1.36134227967121,0.1915346086025238,4.902245039743513,0.9389495849609375,-0.835113525390625,1.7740631103515625,0.9389495849609375,0.27087084114951165,0.7935450077056885,4.248567391416036,3.2862091064453125,-3.371429443359375,6.6576385498046875,3.371429443359375,1.122242112250847,0.008394349366426468,1.6723256710812966,-0.00244140625,-0.0140380859375,0.0115966796875,0.0140380859375,0.011871402721298309,2021-02-22 16:59:57
1.0091992616653442,0.2531616985797882,4.01447632564175,1.0163116455078125,-0.9967041015625,2.0130157470703125,1.0163116455078125,0.35802470760494604,4.169861785870334,4.005279541015625,-4.208221435546875,8.2135009765625,4.208221435546875,1.4272232829840439,0.19622483849525452,4.748521956990152,0.9317779541015625,-0.823822021484375,1.7555999755859375,0.9317779541015625,0.27750382787445915,0.8431044816970825,4.323873700189453,3.645477294921875,-3.4102630615234375,7.0557403564453125,3.645477294921875,1.192329792513553,0.008350753225386143,1.754145656641967,-0.00244140625,-0.0146484375,0.01220703125,0.0146484375,0.011809748467371952,2021-02-23 16:59:55
0.9706902503967285,0.2518853545188904,3.9848412244864155,0.9526824951171875,-1.00372314453125,1.9564056396484375,1.00372314453125,0.35621968452376995,4.548208588263901,4.0590667724609375,-4.4149017333984375,8.473968505859375,4.4149017333984375,1.3727633169743891,0.18907877802848816,4.12501609679418,0.7799530029296875,-0.7513427734375,1.5312957763671875,0.7799530029296875,0.26739777224482,0.8099252581596375,4.667359567144978,3.489227294921875,-3.78021240234375,7.269439697265625,3.78021240234375,1.1454072845978895,0.008700454607605934,1.7099473541223642,-0.002593994140625,-0.0148773193359375,0.0122833251953125,0.0148773193359375,0.012304300904887797,2021-02-24 16:59:59
0.985962986946106,0.23223966360092163,4.250640666164485,0.9871673583984375,-0.9108734130859375,1.898040771484375,0.9871673583984375,0.3284364819853886,4.088301853121146,3.907012939453125,-4.030914306640625,7.93792724609375,4.030914306640625,1.39436222813707,0.1869988739490509,4.409571798609673,0.8245849609375,-0.8123016357421875,1.6368865966796875,0.8245849609375,0.26445634368724463,0.8355662822723389,3.9252426583317614,3.036956787109375,-3.2798004150390625,6.3167572021484375,3.2798004150390625,1.1816691686512075,0.009349457919597626,1.6320506700731474,-0.003662109375,-0.0152587890625,0.0115966796875,0.0152587890625,0.013222130190731506,2021-02-24 20:20:17
1.0217911005020142,0.25848087668418884,4.182457205137816,1.081085205078125,-0.98052978515625,2.061614990234375,1.081085205078125,0.3655471614208674,4.260118381992217,3.97308349609375,-4.3529510498046875,8.326034545898438,4.3529510498046875,1.4450308322420786,0.2012181431055069,4.312190872291753,0.8489227294921875,-0.8676910400390625,1.71661376953125,0.8676910400390625,0.28456542697533815,0.8436630964279175,4.415240635401861,3.7249755859375,-3.217010498046875,6.941986083984375,3.7249755859375,1.1931197930420412,0.009515903890132904,1.6195389456492038,-0.0029754638671875,-0.015411376953125,0.0124359130859375,0.015411376953125,0.013457520339664849,2021-02-25 16:59:57
0.9686036109924316,0.253799706697464,3.818308956970352,0.969085693359375,-0.9671783447265625,1.9362640380859375,0.969085693359375,0.35892698733786726,4.55225669752854,4.409332275390625,-4.237823486328125,8.64715576171875,4.409332275390625,1.3698123632290504,0.18292920291423798,4.242000213258678,0.7759857177734375,-0.7738494873046875,1.549835205078125,0.7759857177734375,0.2587009597154153,0.7963178157806396,4.324600097185658,3.443756103515625,-3.35113525390625,6.794891357421875,3.443756103515625,1.1261634550363004,0.00835060141980648,1.6810868142028175,-0.001068115234375,-0.0140380859375,0.012969970703125,0.0140380859375,0.01180953378186235,2021-02-26 16:59:56
0.978205680847168,0.24926698207855225,4.198100146197782,1.04644775390625,-0.9020233154296875,1.9484710693359375,1.04644775390625,0.3525167467072998,4.32015271179451,3.8832855224609375,-4.2259979248046875,8.109283447265625,4.2259979248046875,1.3833917406444725,0.18665730953216553,4.133976669998307,0.667724609375,-0.771636962890625,1.439361572265625,0.771636962890625,0.2639732986564613,0.7963882684707642,4.360046696481403,3.4722900390625,-2.976837158203125,6.449127197265625,3.4722900390625,1.1262630901861803,0.009338745847344398,1.609413884074858,-0.0029754638671875,-0.0150299072265625,0.012054443359375,0.0150299072265625,0.013206981032869871,2021-02-27 16:59:59
0.9697021245956421,0.2511497437953949,3.885329707291413,0.975799560546875,-0.972442626953125,1.9482421875,0.975799560546875,0.35517937386197557,4.32428445386173,3.9727783203125,-4.193267822265625,8.166046142578125,4.193267822265625,1.371365896065162,0.18866078555583954,4.2384899355973324,0.7996368408203125,-0.7303619384765625,1.529998779296875,0.7996368408203125,0.2668066416210304,0.7823819518089294,4.2267859731737865,3.3069610595703125,-2.9393768310546875,6.246337890625,3.3069610595703125,1.1064551672041214,0.017305348068475723,2.631988976548472,0.018463134765625,-0.0455474853515625,0.0640106201171875,0.0455474853515625,0.024473457940025412,2021-02-28 16:59:57
0.9764460921287537,0.2362273633480072,4.534151687856204,1.0710906982421875,-0.9699249267578125,2.041015625,1.0710906982421875,0.3340759410503888,4.452093196900241,3.958740234375,-4.34722900390625,8.30596923828125,4.34722900390625,1.3809033064146923,0.18808193504810333,4.147690157594321,0.778656005859375,-0.7801055908203125,1.5587615966796875,0.7801055908203125,0.2659880233824033,0.7828313708305359,4.171244256487361,3.265380859375,-3.0663299560546875,6.3317108154296875,3.265380859375,1.1070907416796656,0.009646494872868061,1.6134321376695635,-0.003814697265625,-0.01556396484375,0.011749267578125,0.01556396484375,0.013642203878572538,2021-03-01 16:59:56
0.9678552746772766,0.24305617809295654,4.009685600541076,0.974578857421875,-0.89080810546875,1.865386962890625,0.974578857421875,0.3437333434776295,4.264665227688995,3.9215087890625,-4.1275787353515625,8.049087524414062,4.1275787353515625,1.3687540558629419,0.18576382100582123,3.9850609626725406,0.7402801513671875,-0.74005126953125,1.4803314208984375,0.7402801513671875,0.26270971506468044,0.8174013495445251,4.081728668933643,3.3364105224609375,-3.11004638671875,6.4464569091796875,3.3364105224609375,1.1559800744279385,0.008123977109789848,1.7937204103058402,-0.0023651123046875,-0.0145721435546875,0.01220703125,0.0145721435546875,0.011489038609073382,2021-03-03 16:59:58
0.9812432527542114,0.2510722577571869,4.356619499567159,0.9629058837890625,-1.0938262939453125,2.056732177734375,1.0938262939453125,0.35506979205584727,4.27560040892864,4.1445159912109375,-4.195404052734375,8.339920043945312,4.195404052734375,1.3876875160320967,0.21220412850379944,4.22305017324194,0.896148681640625,-0.8599853515625,1.756134033203125,0.896148681640625,0.30010195652163624,0.7967331409454346,4.088024775109741,3.2570648193359375,-3.1430816650390625,6.400146484375,3.2570648193359375,1.1267508135171482,0.008587262593209743,1.6969486371838933,-0.0023651123046875,-0.0145721435546875,0.01220703125,0.0145721435546875,0.012144223222976374,2021-03-04 16:59:56
1.0363249778747559,0.2431996464729309,4.128411923593204,0.9772491455078125,-1.0040283203125,1.9812774658203125,1.0040283203125,0.34393623840636095,4.825035855099844,3.9620208740234375,-5.00030517578125,8.962326049804688,5.00030517578125,1.4655848387364776,0.19446812570095062,4.339855799015136,0.807342529296875,-0.843963623046875,1.65130615234375,0.843963623046875,0.2750194608155602,0.8716425895690918,4.444894245902689,3.874359130859375,-3.50433349609375,7.378692626953125,3.874359130859375,1.232688771710615,0.00848375167697668,1.996434655830339,0.0,-0.016937255859375,0.016937255859375,0.016937255859375,0.01199783668138591,2021-03-05 16:59:55
1.0363249778747559,0.2431996464729309,4.128411923593204,0.9772491455078125,-1.0040283203125,1.9812774658203125,1.0040283203125,0.34393623840636095,4.825035855099844,3.9620208740234375,-5.00030517578125,8.962326049804688,5.00030517578125,1.4655848387364776,0.19446812570095062,4.339855799015136,0.807342529296875,-0.843963623046875,1.65130615234375,0.843963623046875,0.2750194608155602,0.8716425895690918,4.444894245902689,3.874359130859375,-3.50433349609375,7.378692626953125,3.874359130859375,1.232688771710615,0.00848375167697668,1.996434655830339,0.0,-0.016937255859375,0.016937255859375,0.016937255859375,0.01199783668138591,2021-03-05 16:59:54
1.0363249778747559,0.2431996464729309,4.128411923593204,0.9772491455078125,-1.0040283203125,1.9812774658203125,1.0040283203125,0.34393623840636095,4.825035855099844,3.9620208740234375,-5.00030517578125,8.962326049804688,5.00030517578125,1.4655848387364776,0.19446812570095062,4.339855799015136,0.807342529296875,-0.843963623046875,1.65130615234375,0.843963623046875,0.2750194608155602,0.8716425895690918,4.444894245902689,3.874359130859375,-3.50433349609375,7.378692626953125,3.874359130859375,1.232688771710615,0.00848375167697668,1.996434655830339,0.0,-0.016937255859375,0.016937255859375,0.016937255859375,0.01199783668138591,2021-03-05 16:59:55
1.0363249778747559,0.2431996464729309,4.128411923593204,0.9772491455078125,-1.0040283203125,1.9812774658203125,1.0040283203125,0.34393623840636095,4.825035855099844,3.9620208740234375,-5.00030517578125,8.962326049804688,5.00030517578125,1.4655848387364776,0.19446812570095062,4.339855799015136,0.807342529296875,-0.843963623046875,1.65130615234375,0.843963623046875,0.2750194608155602,0.8716425895690918,4.444894245902689,3.874359130859375,-3.50433349609375,7.378692626953125,3.874359130859375,1.232688771710615,0.00848375167697668,1.996434655830339,0.0,-0.016937255859375,0.016937255859375,0.016937255859375,0.01199783668138591,2021-03-05 16:59:56
1.0363249778747559,0.2431996464729309,4.128411923593204,0.9772491455078125,-1.0040283203125,1.9812774658203125,1.0040283203125,0.34393623840636095,4.825035855099844,3.9620208740234375,-5.00030517578125,8.962326049804688,5.00030517578125,1.4655848387364776,0.19446812570095062,4.339855799015136,0.807342529296875,-0.843963623046875,1.65130615234375,0.843963623046875,0.2750194608155602,0.8716425895690918,4.444894245902689,3.874359130859375,-3.50433349609375,7.378692626953125,3.874359130859375,1.232688771710615,0.00848375167697668,1.996434655830339,0.0,-0.016937255859375,0.016937255859375,0.016937255859375,0.01199783668138591,2021-03-05 16:59:57
1.0363249778747559,0.2431996464729309,4.128411923593204,0.9772491455078125,-1.0040283203125,1.9812774658203125,1.0040283203125,0.34393623840636095,4.825035855099844,3.9620208740234375,-5.00030517578125,8.962326049804688,5.00030517578125,1.4655848387364776,0.19446812570095062,4.339855799015136,0.807342529296875,-0.843963623046875,1.65130615234375,0.843963623046875,0.2750194608155602,0.8716425895690918,4.444894245902689,3.874359130859375,-3.50433349609375,7.378692626953125,3.874359130859375,1.232688771710615,0.00848375167697668,1.996434655830339,0.0,-0.016937255859375,0.016937255859375,0.016937255859375,0.01199783668138591,2021-03-05 16:59:58
0.9905336499214172,0.24699147045612335,4.547832177206626,1.1232757568359375,-1.0660552978515625,2.1893310546875,1.1232757568359375,0.3492986873095233,4.093545243864375,3.9154052734375,-4.0547943115234375,7.9701995849609375,4.0547943115234375,1.4008261217057918,0.19732142984867096,4.330844764811887,0.8545684814453125,-0.786285400390625,1.6408538818359375,0.8545684814453125,0.27905464223884174,0.8530778884887695,4.323674116869775,3.6884307861328125,-3.1772613525390625,6.865692138671875,3.6884307861328125,1.2064343196614207,0.008011002093553543,2.0285365253667047,-0.001068115234375,-0.0162506103515625,0.0151824951171875,0.0162506103515625,0.01132926780890268,2021-03-06 16:59:58
0.937371015548706,0.2406693696975708,4.670151435374349,0.9058380126953125,-1.12396240234375,2.0298004150390625,1.12396240234375,0.34035788667408906,4.204598665333544,3.75732421875,-3.9412689208984375,7.6985931396484375,3.9412689208984375,1.3256428031644216,0.19134630262851715,4.1211886925296435,0.78857421875,-0.7254791259765625,1.5140533447265625,0.78857421875,0.27060453628719555,0.7836170792579651,4.5101629561251375,3.0059814453125,-3.53424072265625,6.54022216796875,3.53424072265625,1.108201901193807,0.007792845368385315,1.8307777325233427,-0.0008392333984375,-0.0142669677734375,0.013427734375,0.0142669677734375,0.01102074760944687,2021-03-07 16:59:56
1.0431573390960693,0.25560206174850464,4.060321466057224,1.0378265380859375,-0.94207763671875,1.9799041748046875,1.0378265380859375,0.3614759022952606,4.062643203844108,4.199981689453125,-4.23797607421875,8.437957763671875,4.23797607421875,1.475247256638691,0.200411856174469,4.326493976093527,0.8670806884765625,-0.8626556396484375,1.729736328125,0.8670806884765625,0.2834251650623002,0.8599470257759094,4.1550822639820835,3.202362060546875,-3.573150634765625,6.7755126953125,3.573150634765625,1.2161487467746968,0.008146489970386028,1.7700329487276367,-0.0019073486328125,-0.0144195556640625,0.01251220703125,0.0144195556640625,0.011520876601856316,2021-03-08 16:59:58
1.0508854389190674,0.2723197638988495,4.501940621841667,1.1861419677734375,-1.2259674072265625,2.412109375,1.2259674072265625,0.38511830340799214,4.053240066945979,4.1785430908203125,-4.259490966796875,8.438034057617188,4.259490966796875,1.486176440219748,0.23096948862075806,3.9876284669131166,0.9210205078125,-0.917205810546875,1.838226318359375,0.9210205078125,0.3266401833018543,0.8496735692024231,3.8644709419896253,3.1378173828125,-3.283538818359375,6.421356201171875,3.283538818359375,1.2016198851560214,0.00859729666262865,1.7570873455536,-0.00213623046875,-0.015106201171875,0.012969970703125,0.015106201171875,0.012158413540034385,2021-03-09 16:59:56
0.9955016374588013,0.23730185627937317,4.270241276358303,1.013336181640625,-0.9658050537109375,1.9791412353515625,1.013336181640625,0.33559550352660056,4.303722497037136,3.737335205078125,-4.28436279296875,8.021697998046875,4.28436279296875,1.4078519170588608,0.1934589147567749,3.8908316290281735,0.752716064453125,-0.746307373046875,1.4990234375,0.752716064453125,0.2735922210110116,0.803017795085907,3.795705933084098,3.035430908203125,-3.0480194091796875,6.0834503173828125,3.0480194091796875,1.1356386566374286,0.008990954607725143,1.7904686613706038,-0.00213623046875,-0.0160980224609375,0.0139617919921875,0.0160980224609375,0.01271512994492577,2021-03-10 16:59:55
1.0489839315414429,0.24265503883361816,4.044925714970686,0.9815216064453125,-0.949249267578125,1.9307708740234375,0.9815216064453125,0.3431660468966729,4.198631401844306,4.06005859375,-4.404296875,8.46435546875,4.404296875,1.483487302697359,0.20935657620429993,3.9718251274299305,0.8315277099609375,-0.8270263671875,1.6585540771484375,0.8315277099609375,0.2960749094401174,0.8498131632804871,4.287944189931207,3.280792236328125,-3.643951416015625,6.92474365234375,3.643951416015625,1.2018173009944464,0.009836831130087376,1.6752846490466917,-0.0037384033203125,-0.0164794921875,0.0127410888671875,0.0164794921875,0.013911379994943426,2021-03-11 16:59:58
1.0751627683639526,0.23221909999847412,3.9687986878816424,0.921630859375,-0.9029388427734375,1.8245697021484375,0.921630859375,0.3284074006599161,4.454182276561602,4.4997406005859375,-4.788970947265625,9.288711547851562,4.788970947265625,1.5205097687789044,0.20243671536445618,4.176562045234488,0.845489501953125,-0.7763671875,1.621856689453125,0.845489501953125,0.28628874839067586,0.8413534760475159,4.43443406355068,3.730926513671875,-3.3803558349609375,7.1112823486328125,3.730926513671875,1.189853496576144,0.010495874099433422,1.679126597768437,-0.0043487548828125,-0.0176239013671875,0.013275146484375,0.0176239013671875,0.014843407500379241,2021-03-12 16:59:56
1.0496824979782104,0.23413211107254028,4.323165104624772,1.0121917724609375,-0.9806060791015625,1.9927978515625,1.0121917724609375,0.3311128068658304,4.743430007239896,4.979095458984375,-4.5452880859375,9.524383544921875,4.979095458984375,1.4844752248264543,0.20319126546382904,4.181328233084127,0.849609375,-0.833282470703125,1.682891845703125,0.849609375,0.28735584337469894,0.8442160487174988,4.149635738666631,3.5031890869140625,-3.343658447265625,6.8468475341796875,3.5031890869140625,1.1939017856693124,0.010300945490598679,1.5553648478430921,-0.004730224609375,-0.016021728515625,0.01129150390625,0.016021728515625,0.014567736818070628,2021-03-13 16:59:55
1.0886808633804321,0.22939923405647278,4.194518095227702,0.87005615234375,-0.96221923828125,1.832275390625,0.96221923828125,0.3244195080006638,4.489207082779041,4.8538970947265625,-4.8873138427734375,9.7412109375,4.8873138427734375,1.5396272420886579,0.20711497962474823,4.210045562886806,0.845184326171875,-0.8719635009765625,1.7171478271484375,0.8719635009765625,0.2929048131559462,0.8863351345062256,4.235295256914551,3.4865570068359375,-3.7538909912109375,7.240447998046875,3.7538909912109375,1.2534671680264857,0.009630120359361172,1.592408239519633,-0.003814697265625,-0.0153350830078125,0.0115203857421875,0.0153350830078125,0.013619046819493833,2021-03-14 16:59:58
1.0509005784988403,0.22934798896312714,4.109962762688465,0.9426116943359375,-0.9270477294921875,1.869659423828125,0.9426116943359375,0.32434703649464935,4.323974575505017,4.5440673828125,-4.308929443359375,8.852996826171875,4.5440673828125,1.4861978508187914,0.2085210382938385,4.533634994829783,0.8678436279296875,-0.9453582763671875,1.813201904296875,0.9453582763671875,0.2948932803952659,0.8501854538917542,4.467427032662179,3.7981414794921875,-3.284149169921875,7.0822906494140625,3.7981414794921875,1.2023437994260444,0.009234955534338951,1.6770704353527919,-0.002899169921875,-0.0154876708984375,0.0125885009765625,0.0154876708984375,0.013060199364574619,2021-03-15 16:59:56
1.0658169984817505,0.22938024997711182,4.340880613622107,0.9957122802734375,-0.8327484130859375,1.828460693359375,0.9957122802734375,0.3243926604581624,4.1255196309111986,4.30816650390625,-4.3970489501953125,8.705215454101562,4.3970489501953125,1.507292854260676,0.21004492044448853,4.238856811736993,0.890350341796875,-0.78094482421875,1.671295166015625,0.890350341796875,0.29704837520017346,0.8751266002655029,4.420572737523862,3.6174774169921875,-3.868560791015625,7.4860382080078125,3.868560791015625,1.2376159068889325,0.009026769548654556,1.681941145761327,-0.003204345703125,-0.0151824951171875,0.0119781494140625,0.0151824951171875,0.012765779920123736,2021-03-16 16:59:55
1.127967119216919,0.22950677573680878,4.374057058659952,0.983734130859375,-1.003875732421875,1.98760986328125,1.003875732421875,0.3245715949035154,4.493898483567134,4.325408935546875,-5.0689697265625,9.394378662109375,5.0689697265625,1.5951863979074767,0.20083874464035034,4.3248954226350085,0.8686065673828125,-0.8115386962890625,1.680145263671875,0.8686065673828125,0.28402887652037023,0.8887256383895874,4.236694235450803,3.7652587890625,-3.7053680419921875,7.4706268310546875,3.7652587890625,1.2568478510392416,0.00995299220085144,1.5484164603089527,-0.0040435791015625,-0.015411376953125,0.0113677978515625,0.015411376953125,0.014075656556637749,2021-03-17 16:59:58
1.1671959161758423,0.24058757722377777,4.082856468456744,0.9400177001953125,-0.9822845458984375,1.92230224609375,0.9822845458984375,0.3402422146483509,4.05303197816722,4.730682373046875,-4.5767974853515625,9.307479858398438,4.730682373046875,1.6506642946023664,0.2068537473678589,4.243762300348948,0.877838134765625,-0.7440185546875,1.621856689453125,0.877838134765625,0.29253537495532395,0.869111180305481,3.965724238210866,3.4466552734375,-3.430633544921875,6.877288818359375,3.4466552734375,1.2291088183980996,0.010355423204600811,1.591387610327536,-0.0049591064453125,-0.0164794921875,0.0115203857421875,0.0164794921875,0.014644779940059525,2021-03-18 16:59:56
1.1214303970336914,0.2282133549451828,4.127053629745052,0.9418487548828125,-0.936431884765625,1.8782806396484375,0.9418487548828125,0.3227424216781426,4.274358898040233,4.79339599609375,-4.6414947509765625,9.434890747070312,4.79339599609375,1.5859420767424912,0.1977052241563797,4.244486244978717,0.8391571044921875,-0.75958251953125,1.5987396240234375,0.8391571044921875,0.27959740935396504,0.8847064971923828,4.077345469676032,3.38958740234375,-3.6072540283203125,6.9968414306640625,3.6072540283203125,1.2511639270490624,0.009339463897049427,1.6256281179034306,-0.003662109375,-0.0151824951171875,0.0115203857421875,0.0151824951171875,0.01320799650850118,2021-03-19 16:59:55
1.0883893966674805,0.22415733337402344,4.137402891348928,0.92742919921875,-0.8699798583984375,1.7974090576171875,0.92742919921875,0.3170063409629312,4.4147034108821925,4.4841766357421875,-4.8049163818359375,9.289093017578125,4.8049163818359375,1.5392150459102212,0.20888184010982513,4.673730007862134,0.97625732421875,-0.8385467529296875,1.8148040771484375,0.97625732421875,0.29540353121676305,0.8912732005119324,4.030184277048419,3.5170745849609375,-3.5919952392578125,7.10906982421875,3.5919952392578125,1.26045064794365,0.008826272562146187,1.76336780154515,-0.00244140625,-0.01556396484375,0.01312255859375,0.01556396484375,0.012482234362588664,2021-03-20 16:59:58
1.0739120244979858,0.2276073694229126,4.438380586903429,0.9978485107421875,-1.0102081298828125,2.008056640625,1.0102081298828125,0.3218854287339463,4.357920468901643,4.4944000244140625,-4.680023193359375,9.174423217773438,4.680023193359375,1.5187409498405993,0.21507984399795532,4.061942539728376,0.861663818359375,-0.8736419677734375,1.7353057861328125,0.8736419677734375,0.304168832374998,0.9142671227455139,4.155219649026,3.6791229248046875,-3.798980712890625,7.4781036376953125,3.798980712890625,1.2929689646185332,0.008551276288926601,2.185874478850316,-0.001678466796875,-0.0186920166015625,0.0170135498046875,0.0186920166015625,0.01209333090339947,2021-03-21 16:59:58
1.0652211904525757,0.22740843892097473,4.17957211796092,0.950469970703125,-0.9051513671875,1.855621337890625,0.950469970703125,0.3216040985201361,4.502843250624488,4.0944671630859375,-4.7965240478515625,8.8909912109375,4.7965240478515625,1.5064502544652463,0.20619891583919525,4.4729503117372555,0.9223175048828125,-0.8050537109375,1.7273712158203125,0.9223175048828125,0.2916093033264183,0.8746522068977356,4.603095672011116,3.5857391357421875,-4.0261077880859375,7.611846923828125,4.0261077880859375,1.236945013354336,0.009332718327641487,1.6349779910647015,-0.0034332275390625,-0.0152587890625,0.0118255615234375,0.0152587890625,0.013198456832758542,2021-03-22 16:59:57
1.0831573009490967,0.22707781195640564,4.379854916360948,0.99456787109375,-0.93536376953125,1.929931640625,0.99456787109375,0.3211365213827562,4.316779038764577,4.2780303955078125,-4.675750732421875,8.953781127929688,4.675750732421875,1.5318157451856487,0.21868737041950226,3.99528450153623,0.87371826171875,-0.8148193359375,1.68853759765625,0.87371826171875,0.3092706451669689,0.8804501295089722,4.255112310176718,3.7464141845703125,-3.7371063232421875,7.4835205078125,3.7464141845703125,1.2451445141447366,0.009611246176064014,1.6431632683614152,-0.003509521484375,-0.0157928466796875,0.0122833251953125,0.0157928466796875,0.013592354693496279,2021-03-23 16:59:55
1.1136327981948853,0.22541335225105286,4.354657302187564,0.981597900390625,-0.90240478515625,1.884002685546875,0.981597900390625,0.3187826198934228,4.0510097112674615,4.4089508056640625,-4.5113372802734375,8.9202880859375,4.5113372802734375,1.574914606710707,0.19860610365867615,4.106147628004619,0.81268310546875,-0.8155059814453125,1.6281890869140625,0.8155059814453125,0.2808714453641766,0.862787663936615,4.534726523168113,3.912506103515625,-3.8062286376953125,7.7187347412109375,3.912506103515625,1.220166015787361,0.010056687518954277,1.661419228940593,-0.0043487548828125,-0.0167083740234375,0.012359619140625,0.0167083740234375,0.014222303881853372,2021-03-25 16:59:58
1.1295100450515747,0.2241452932357788,4.084526293340255,0.8966064453125,-0.91552734375,1.8121337890625,0.91552734375,0.31698931363613275,4.077822762745439,4.6059417724609375,-4.5999908447265625,9.2059326171875,4.6059417724609375,1.5973684245485826,0.2024303376674652,5.227839500856468,1.0582733154296875,-0.788421630859375,1.8466949462890625,1.0582733154296875,0.2862797289650945,0.8664924502372742,4.228209428539531,3.395538330078125,-3.6637115478515625,7.0592498779296875,3.6637115478515625,1.2254053748194473,0.010676378384232521,1.514962829543129,-0.0048065185546875,-0.01617431640625,0.0113677978515625,0.01617431640625,0.015098679108008583,2021-03-26 16:59:56
1.1424773931503296,0.23701517283916473,4.2409636372701085,1.0051727294921875,-0.856475830078125,1.8616485595703125,1.0051727294921875,0.33519007191735,4.142926679879944,4.6350860595703125,-4.7332000732421875,9.3682861328125,4.7332000732421875,1.6157070240978548,0.2040632963180542,4.154113168131688,0.8280181884765625,-0.8477020263671875,1.67572021484375,0.8477020263671875,0.28858908123555194,0.8617823719978333,4.315326225217624,3.7188720703125,-3.29254150390625,7.01141357421875,3.7188720703125,1.2187443182933917,0.009779948741197586,1.591415789142893,-0.003662109375,-0.01556396484375,0.01190185546875,0.01556396484375,0.013830936149115305,2021-03-27 16:59:55
1.179195523262024,0.24528561532497406,4.043847339737665,0.9195709228515625,-0.9918975830078125,1.911468505859375,0.9918975830078125,0.34688624384760824,4.026604233866626,4.490203857421875,-4.7481536865234375,9.238357543945312,4.7481536865234375,1.667634301686793,0.21121744811534882,4.348251159489009,0.80078125,-0.918426513671875,1.719207763671875,0.918426513671875,0.29870657973456183,0.8785355687141418,4.216535280552148,3.6425018310546875,-3.704376220703125,7.3468780517578125,3.704376220703125,1.2424369163026996,0.010470293462276459,1.5520682787079476,-0.0043487548828125,-0.0162506103515625,0.01190185546875,0.0162506103515625,0.01480723101637772,2021-03-28 16:59:58
1.1407049894332886,0.23824632167816162,5.322885784979648,1.268157958984375,-1.0073089599609375,2.2754669189453125,1.268157958984375,0.3369311793027593,3.9503196126378644,4.47357177734375,-4.5061492919921875,8.979721069335938,4.5061492919921875,1.613200466723215,0.21056650578975677,4.520030211850233,0.9482574462890625,-0.9517669677734375,1.9000244140625,0.9517669677734375,0.2977860082693869,0.9184153079986572,4.483274504148762,4.1175079345703125,-3.9127349853515625,8.030242919921875,4.1175079345703125,1.2988353844627645,0.009140919893980026,1.6859765900885462,-0.0034332275390625,-0.015411376953125,0.0119781494140625,0.015411376953125,0.012927212886632589,2021-03-29 16:59:59
1.1359585523605347,0.24655602872371674,3.8583895475035046,0.9395599365234375,-0.9513092041015625,1.890869140625,0.9513092041015625,0.3486828797059306,4.470477886132295,5.078277587890625,-5.0167083740234375,10.094985961914062,5.078277587890625,1.6064879910419758,0.21223919093608856,4.003074885711576,0.849609375,-0.77178955078125,1.62139892578125,0.849609375,0.30015154228890933,0.8732002973556519,4.000363143154171,3.4931182861328125,-3.3330535888671875,6.826171875,3.4931182861328125,1.2348917031885824,0.009596756659448147,1.6535941452028586,-0.0035858154296875,-0.015869140625,0.0122833251953125,0.015869140625,0.013571863422585888,2021-03-30 16:59:59
1.327512264251709,0.33543550968170166,4.2423495035426715,1.36322021484375,-1.42303466796875,2.7862548828125,1.42303466796875,0.47437744709339413,3.75489180117062,4.9846649169921875,-4.9041748046875,9.888839721679688,4.9846649169921875,1.877385848321383,0.24433976411819458,4.78703284259592,1.1696624755859375,-1.003570556640625,2.1732330322265625,1.1696624755859375,0.3455486082429937,0.8918747901916504,4.360058319169673,3.7531280517578125,-3.8886260986328125,7.641754150390625,3.8886260986328125,1.2613014242276908,0.010616526007652283,1.5450626909748295,-0.00457763671875,-0.0164031982421875,0.0118255615234375,0.0164031982421875,0.015014035065308549,2021-03-31 16:59:59
1.1970182657241821,0.24362076818943024,4.212720286415538,0.94512939453125,-1.02630615234375,1.971435546875,1.02630615234375,0.34453179444924414,4.643852992590514,4.6277618408203125,-5.55877685546875,10.186538696289062,5.55877685546875,1.6928394657954597,0.20671620965003967,4.449208469424018,0.9197235107421875,-0.88714599609375,1.8068695068359375,0.9197235107421875,0.2923408672494462,0.9397136569023132,4.307456041341186,3.6237335205078125,-4.0477752685546875,7.6715087890625,4.0477752685546875,1.328955798338469,0.010082444176077843,1.6344739330766782,-0.0037384033203125,-0.0164794921875,0.0127410888671875,0.0164794921875,0.014258729295678911,2021-04-18 16:59:55
1.1233989000320435,0.2239605188369751,3.500601740443079,0.78399658203125,-0.7721710205078125,1.5561676025390625,0.78399658203125,0.31672800317536526,3.914601751552699,3.7691497802734375,-4.3976593017578125,8.16680908203125,4.3976593017578125,1.5887259603803328,0.21513575315475464,3.697389495533719,0.795440673828125,-0.702667236328125,1.49810791015625,0.795440673828125,0.3042478998628044,0.8959226012229919,3.7438356919895415,3.35418701171875,-3.2190704345703125,6.5732574462890625,3.35418701171875,1.2670258934861374,0.009216731414198875,1.5148311657078994,-0.0045013427734375,-0.0139617919921875,0.00946044921875,0.0139617919921875,0.013034426566710207,2021-04-20 16:59:59
1.6456271409988403,1.0604922771453857,3.441130190981305,3.6492919921875,-3.615264892578125,7.264556884765625,3.6492919921875,1.4997625611309318,3.6799074737906516,5.55633544921875,-6.055755615234375,11.612091064453125,6.055755615234375,2.3272682214098217,1.6707886457443237,3.708281727113755,6.1957550048828125,-6.0237884521484375,12.21954345703125,6.1957550048828125,2.3628519626705993,1.199082612991333,4.0982105522479495,4.914093017578125,-4.646453857421875,9.560546875,4.914093017578125,1.6957588936981125,0.00999977346509695,1.8997622745275178,-0.0025177001953125,-0.0189971923828125,0.0164794921875,0.0189971923828125,0.014141815254998708,2021-04-21 16:59:58
1.4960215091705322,1.052880883216858,4.174830634026271,3.7912750244140625,-4.395599365234375,8.186874389648438,4.395599365234375,1.4889984246086434,3.7325868091717798,5.5840301513671875,-4.60296630859375,10.186996459960938,5.5840301513671875,2.1156939078708326,1.5460107326507568,3.8469943197861833,5.9474945068359375,-5.9284210205078125,11.87591552734375,5.9474945068359375,2.1863893456890655,1.0444141626358032,3.9005517635122477,4.07379150390625,-3.5443115234375,7.61810302734375,4.07379150390625,1.4770246735340924,0.009721647948026657,2.2601781475187144,0.0006103515625,-0.02197265625,0.0225830078125,0.02197265625,0.01374848637671587,2021-04-22 16:59:59
1.5775251388549805,0.9598038792610168,4.147264236730459,3.980560302734375,-3.56201171875,7.542572021484375,3.980560302734375,1.3573676632692386,3.6071105791174345,5.387115478515625,-5.6903076171875,11.077423095703125,5.6903076171875,2.2309574463532136,1.5150178670883179,4.224267876717174,5.1992034912109375,-6.39984130859375,11.599044799804688,6.39984130859375,2.1425588148738584,1.0873135328292847,4.327012019563105,4.7048187255859375,-3.95843505859375,8.663253784179688,4.7048187255859375,1.5376935446789781,0.009447146207094193,2.164333746459412,-0.002288818359375,-0.02044677734375,0.018157958984375,0.02044677734375,0.013360282291794152,2021-04-23 16:59:59
0.9584087133407593,0.23206844925880432,3.6810833544691905,0.795135498046875,-0.8542633056640625,1.6493988037109375,0.8542633056640625,0.32819434834069355,3.6592739916775656,3.22509765625,-3.507080078125,6.732177734375,3.507080078125,1.3553946007030497,0.19972456991672516,3.638509920960445,0.694580078125,-0.7266998291015625,1.4212799072265625,0.7266998291015625,0.2824531955153662,0.8124793767929077,3.1911867692376763,2.5927734375,-2.5795745849609375,5.1723480224609375,2.5927734375,1.1490193538089704,0.010126297362148762,2.1849293329393307,-0.0002288818359375,-0.022125244140625,0.0218963623046875,0.022125244140625,0.014320747066173676,2021-04-24 16:59:57
0.9776089787483215,0.23940233886241913,3.5817012291595076,0.8574676513671875,-0.851593017578125,1.7090606689453125,0.8574676513671875,0.33856603448307265,3.7774364958156106,3.6928558349609375,-3.358001708984375,7.0508575439453125,3.6928558349609375,1.3825478764435872,0.2008194625377655,3.961353933132029,0.7955169677734375,-0.6882476806640625,1.4837646484375,0.7955169677734375,0.2840016075093837,0.7658386826515198,3.4682204911787946,2.656097412109375,-2.6390838623046875,5.2951812744140625,2.656097412109375,1.0830594515957241,0.00931727048009634,1.637688751775104,-0.0040435791015625,-0.0152587890625,0.0112152099609375,0.0152587890625,0.013176610277250724,2021-04-25 16:59:55
0.9826375246047974,0.2361723780632019,3.531511250367525,0.83404541015625,-0.8050537109375,1.63909912109375,0.83404541015625,0.3339981801148862,3.4948994663446786,3.4342193603515625,-3.1119537353515625,6.546173095703125,3.4342193603515625,1.3896593141928304,0.20221929252147675,3.571362936359911,0.706939697265625,-0.722198486328125,1.42913818359375,0.722198486328125,0.2859812660573646,0.7715768218040466,3.424925826064003,2.6425933837890625,-2.6091766357421875,5.25177001953125,2.6425933837890625,1.0911744058080117,0.009808635339140892,1.5400920362075674,-0.0046539306640625,-0.015106201171875,0.0104522705078125,0.015106201171875,0.013871505124985074,2021-04-26 16:59:59
